{"name":"build-javascript","namedChunkGroups":{"app":{"name":"app","assets":[{"name":"webpack-runtime-324bd0ee4075ec4783dc.js","size":4343},{"name":"styles.4907f9de6a550e14bd1c.css","size":19476},{"name":"framework-8e116ee72759bd2487ec.js","size":140763},{"name":"app-a682d8fadb0b1d387351.js","size":68850}],"filteredAssets":0,"assetsSize":233432,"filteredAuxiliaryAssets":3,"auxiliaryAssetsSize":613267},"component---src-pages-404-js":{"name":"component---src-pages-404-js","assets":[{"name":"component---src-pages-404-js-2315a6446ae03819533d.js","size":766}],"filteredAssets":0,"assetsSize":766,"filteredAuxiliaryAssets":1,"auxiliaryAssetsSize":1948},"component---src-pages-about-js":{"name":"component---src-pages-about-js","assets":[{"name":"styles.4907f9de6a550e14bd1c.css","size":19476},{"name":"c16184b3-e9306b714efb203421d8.js","size":563},{"name":"2cca2479-4d5e41cd2c4f00124ae1.js","size":2368},{"name":"8cb80d258cbb344ac0add6f72a2ccbae6ba42d2b-e9934ee1409ee3d170e5.js","size":71531},{"name":"2af72edb4b0c8b9f22d1ed2d1bc0560fa8857b40-7e343400d0ebaccd52e9.js","size":10660},{"name":"component---src-pages-about-js-6f2c61667215e5a2cabc.js","size":3362}],"filteredAssets":0,"assetsSize":107960,"filteredAuxiliaryAssets":5,"auxiliaryAssetsSize":1851742},"component---src-pages-bookings-js":{"name":"component---src-pages-bookings-js","assets":[{"name":"styles.4907f9de6a550e14bd1c.css","size":19476},{"name":"c16184b3-e9306b714efb203421d8.js","size":563},{"name":"2cca2479-4d5e41cd2c4f00124ae1.js","size":2368},{"name":"8cb80d258cbb344ac0add6f72a2ccbae6ba42d2b-e9934ee1409ee3d170e5.js","size":71531},{"name":"component---src-pages-bookings-js-23a60e60eabf396c1f94.js","size":404}],"filteredAssets":0,"assetsSize":94342,"filteredAuxiliaryAssets":4,"auxiliaryAssetsSize":1778189},"component---src-pages-catering-js":{"name":"component---src-pages-catering-js","assets":[{"name":"styles.4907f9de6a550e14bd1c.css","size":19476},{"name":"c16184b3-e9306b714efb203421d8.js","size":563},{"name":"2cca2479-4d5e41cd2c4f00124ae1.js","size":2368},{"name":"8cb80d258cbb344ac0add6f72a2ccbae6ba42d2b-e9934ee1409ee3d170e5.js","size":71531},{"name":"2af72edb4b0c8b9f22d1ed2d1bc0560fa8857b40-7e343400d0ebaccd52e9.js","size":10660},{"name":"component---src-pages-catering-js-cdeaff31dd9b52f84d71.js","size":65299}],"filteredAssets":0,"assetsSize":169897,"filteredAuxiliaryAssets":5,"auxiliaryAssetsSize":2197435},"component---src-pages-contact-js":{"name":"component---src-pages-contact-js","assets":[{"name":"styles.4907f9de6a550e14bd1c.css","size":19476},{"name":"c16184b3-e9306b714efb203421d8.js","size":563},{"name":"2cca2479-4d5e41cd2c4f00124ae1.js","size":2368},{"name":"8cb80d258cbb344ac0add6f72a2ccbae6ba42d2b-e9934ee1409ee3d170e5.js","size":71531},{"name":"component---src-pages-contact-js-45bb569eda859baf03cf.js","size":1801}],"filteredAssets":0,"assetsSize":95739,"filteredAuxiliaryAssets":4,"auxiliaryAssetsSize":1782499},"component---src-pages-events-js":{"name":"component---src-pages-events-js","assets":[{"name":"styles.4907f9de6a550e14bd1c.css","size":19476},{"name":"c16184b3-e9306b714efb203421d8.js","size":563},{"name":"2cca2479-4d5e41cd2c4f00124ae1.js","size":2368},{"name":"8cb80d258cbb344ac0add6f72a2ccbae6ba42d2b-e9934ee1409ee3d170e5.js","size":71531},{"name":"2af72edb4b0c8b9f22d1ed2d1bc0560fa8857b40-7e343400d0ebaccd52e9.js","size":10660},{"name":"component---src-pages-events-js-96878a696326f7c109f4.js","size":2228}],"filteredAssets":0,"assetsSize":106826,"filteredAuxiliaryAssets":5,"auxiliaryAssetsSize":1853072},"component---src-pages-gatsby-js":{"name":"component---src-pages-gatsby-js","assets":[{"name":"component---src-pages-gatsby-js-60754420d962c06cd541.js","size":3816}],"filteredAssets":0,"assetsSize":3816,"filteredAuxiliaryAssets":1,"auxiliaryAssetsSize":7894},"component---src-pages-index-js":{"name":"component---src-pages-index-js","assets":[{"name":"styles.4907f9de6a550e14bd1c.css","size":19476},{"name":"c16184b3-e9306b714efb203421d8.js","size":563},{"name":"2cca2479-4d5e41cd2c4f00124ae1.js","size":2368},{"name":"8cb80d258cbb344ac0add6f72a2ccbae6ba42d2b-e9934ee1409ee3d170e5.js","size":71531},{"name":"2af72edb4b0c8b9f22d1ed2d1bc0560fa8857b40-7e343400d0ebaccd52e9.js","size":10660},{"name":"component---src-pages-index-js-71286062ef14314b62e3.js","size":3509}],"filteredAssets":0,"assetsSize":108107,"filteredAuxiliaryAssets":5,"auxiliaryAssetsSize":1857158},"component---src-pages-orders-js":{"name":"component---src-pages-orders-js","assets":[{"name":"styles.4907f9de6a550e14bd1c.css","size":19476},{"name":"2af72edb4b0c8b9f22d1ed2d1bc0560fa8857b40-7e343400d0ebaccd52e9.js","size":10660},{"name":"component---src-pages-orders-js-30a421a661ebdff8c9d8.js","size":2756}],"filteredAssets":0,"assetsSize":32892,"filteredAuxiliaryAssets":2,"auxiliaryAssetsSize":74958}},"assetsByChunkName":{"app":["webpack-runtime-324bd0ee4075ec4783dc.js","styles.4907f9de6a550e14bd1c.css","framework-8e116ee72759bd2487ec.js","app-a682d8fadb0b1d387351.js"],"component---src-pages-404-js":["component---src-pages-404-js-2315a6446ae03819533d.js"],"component---src-pages-about-js":["styles.4907f9de6a550e14bd1c.css","c16184b3-e9306b714efb203421d8.js","2cca2479-4d5e41cd2c4f00124ae1.js","8cb80d258cbb344ac0add6f72a2ccbae6ba42d2b-e9934ee1409ee3d170e5.js","2af72edb4b0c8b9f22d1ed2d1bc0560fa8857b40-7e343400d0ebaccd52e9.js","component---src-pages-about-js-6f2c61667215e5a2cabc.js"],"component---src-pages-bookings-js":["styles.4907f9de6a550e14bd1c.css","c16184b3-e9306b714efb203421d8.js","2cca2479-4d5e41cd2c4f00124ae1.js","8cb80d258cbb344ac0add6f72a2ccbae6ba42d2b-e9934ee1409ee3d170e5.js","component---src-pages-bookings-js-23a60e60eabf396c1f94.js"],"component---src-pages-catering-js":["styles.4907f9de6a550e14bd1c.css","c16184b3-e9306b714efb203421d8.js","2cca2479-4d5e41cd2c4f00124ae1.js","8cb80d258cbb344ac0add6f72a2ccbae6ba42d2b-e9934ee1409ee3d170e5.js","2af72edb4b0c8b9f22d1ed2d1bc0560fa8857b40-7e343400d0ebaccd52e9.js","component---src-pages-catering-js-cdeaff31dd9b52f84d71.js"],"component---src-pages-contact-js":["styles.4907f9de6a550e14bd1c.css","c16184b3-e9306b714efb203421d8.js","2cca2479-4d5e41cd2c4f00124ae1.js","8cb80d258cbb344ac0add6f72a2ccbae6ba42d2b-e9934ee1409ee3d170e5.js","component---src-pages-contact-js-45bb569eda859baf03cf.js"],"component---src-pages-events-js":["styles.4907f9de6a550e14bd1c.css","c16184b3-e9306b714efb203421d8.js","2cca2479-4d5e41cd2c4f00124ae1.js","8cb80d258cbb344ac0add6f72a2ccbae6ba42d2b-e9934ee1409ee3d170e5.js","2af72edb4b0c8b9f22d1ed2d1bc0560fa8857b40-7e343400d0ebaccd52e9.js","component---src-pages-events-js-96878a696326f7c109f4.js"],"component---src-pages-gatsby-js":["component---src-pages-gatsby-js-60754420d962c06cd541.js"],"component---src-pages-index-js":["styles.4907f9de6a550e14bd1c.css","c16184b3-e9306b714efb203421d8.js","2cca2479-4d5e41cd2c4f00124ae1.js","8cb80d258cbb344ac0add6f72a2ccbae6ba42d2b-e9934ee1409ee3d170e5.js","2af72edb4b0c8b9f22d1ed2d1bc0560fa8857b40-7e343400d0ebaccd52e9.js","component---src-pages-index-js-71286062ef14314b62e3.js"],"component---src-pages-orders-js":["styles.4907f9de6a550e14bd1c.css","2af72edb4b0c8b9f22d1ed2d1bc0560fa8857b40-7e343400d0ebaccd52e9.js","component---src-pages-orders-js-30a421a661ebdff8c9d8.js"]},"childAssetsByChunkName":{}}